Model,Train Accuracy,Test Accuracy,Precision,Recall,F1 Score,ROC AUC
Logistic Regression,0.8078108941418294,0.7827868852459017,0.36486486486486486,0.8181818181818182,0.5046728971962616,0.8553784288381445
Decision Tree,0.8448098663926003,0.7540983606557377,0.3291139240506329,0.7878787878787878,0.4642857142857143,0.8184690506965389
Random Forest,0.9455292908530318,0.8688524590163934,0.5121951219512195,0.6363636363636364,0.5675675675675675,0.8456125233376419
